{"cameraMode":{"drawMode":0,"name":"Shaded","section":"Shading Mode"},"sceneLighting":false,"audioPlay":false,"sceneViewState":{"showFog":true,"showMaterialUpdate":false,"showSkybox":false,"showFlares":true,"showImageEffects":true,"showParticleSystems":true},"in2DMode":false,"pivot":{"x":-0.0006957054138183594,"y":0.8627128601074219,"z":-0.0005708485841751099},"rotation":{"x":0.07540366798639298,"y":0.8536694049835205,"z":-0.12901954352855683,"w":0.49891674518585207},"size":1.2239179611206055,"orthographic":true}