{"cameraMode":{"drawMode":0,"name":"Shaded","section":"Shading Mode"},"sceneLighting":false,"audioPlay":false,"sceneViewState":{"showFog":true,"showMaterialUpdate":false,"showSkybox":true,"showFlares":true,"showImageEffects":true,"showParticleSystems":true},"in2DMode":false,"pivot":{"x":-5.751250743865967,"y":9.891838073730469,"z":-10.194564819335938},"rotation":{"x":0.05996162071824074,"y":-0.008983648382127285,"z":0.0005396775668486953,"w":0.9981603622436523},"size":7.783959865570068,"orthographic":true}