{"cameraMode":{"drawMode":0,"name":"Shaded","section":"Shading Mode"},"sceneLighting":true,"audioPlay":false,"sceneViewState":{"showFog":true,"showMaterialUpdate":false,"showSkybox":true,"showFlares":true,"showImageEffects":true,"showParticleSystems":true},"in2DMode":false,"pivot":{"x":0.000001430511474609375,"y":0.8906922936439514,"z":-0.061936914920806888},"rotation":{"x":0.0014597084373235703,"y":-0.9912213683128357,"z":0.13242124021053315,"w":0.010511682368814946},"size":8.919018745422364,"orthographic":false}