{"cameraMode":{"drawMode":0,"name":"Shaded","section":"Shading Mode"},"sceneLighting":false,"audioPlay":false,"sceneViewState":{"showFog":true,"showMaterialUpdate":false,"showSkybox":false,"showFlares":true,"showImageEffects":true,"showParticleSystems":true},"in2DMode":false,"pivot":{"x":1.122279405593872,"y":1.2691123485565186,"z":0.37890946865081789},"rotation":{"x":-0.0006248605786822736,"y":-0.9974357485771179,"z":0.009789646603167057,"w":-0.0718328207731247},"size":1.3166894912719727,"orthographic":false}